user_input,retrieved_contexts,response,reference,faithfulness,answer_relevancy,context_precision,context_recall,spec_id,topic_id
What is an f-string in Python?,"[""literals (also called f-strings for short) let you include the value of Python expressions in-\nside a string by prefixing the string with f or F and writing expressions as {expression}.\nAn optional format specifier can follow the expression. This allows greater control over how the value is\nformatted. The following example rounds pi to three places after the decimal:\n>>> import math\n>>> print(f'The value of pi is approximately {math.pi:.3f}.')\nThe value of pi is approximately 3.142.\nPassing an integer after the ':' will cause that field to be a minimum number of characters wide. This is\nuseful for making columns line up.\n>>> table = {'Sjoerd': 4127, 'Jack': 4098, 'Dcab': 7678}"", 'Strings support a large number of methods for basic transformations and searching.\nf-strings\nString literals that have embedded expressions.\nFormat string syntax\nInformation about string formatting with str.format().\nprintf-style String Formatting\nThe old formatting operations invoked when strings are the left operand of the % operator are de-\nscribed in more detail here.\nhttps://docs.python.org/3/tutorial/introduction.html 6/9\n28/07/2026, 14:07 3. An Informal Introduction to Python — Python 3.14.6 documentation\n3.1.3. Lists\nPython knows a number of compound data types, used to group together other values. The most versatile', ""been reached, f.read() will return an empty string\n('').\n>>> f.read()\n'This is the entire file.\\n'\n>>> f.read()\n''\nf.readline() reads a single line from the file; a newline character (\\n) is left at the end of the string,\nand is only omitted on the last line of the file if the file doesnʼt end in a newline. This makes the return val-\nue unambiguous; if f.readline() returns an empty string, the end of the file has been reached, while a\nblank line is represented by '\\n', a string containing only a single newline.\n>>> f.readline()\n'This is the first line of the file.\\n'\nhttps://docs.python.org/3/tutorial/inputoutput.html 6/8\n28/07/2026, 14:10 7. Input and Output — Python 3.14.6 documentation"", ""5\n>>> f.read(1)\nb'5'\n>>> f.seek(-3, 2) # Go to the 3rd byte before the end\n13\n>>> f.read(1)\nb'd'\nIn text files (those opened without a b in the mode string), only seeks relative to the beginning of the file\nare allowed (the exception being seeking to the very file end with seek(0, 2)) and the only valid offset\nvalues are those returned from the f.tell(), or zero. Any other offset value produces undefined\nbehaviour.\nhttps://docs.python.org/3/tutorial/inputoutput.html 7/8\n28/07/2026, 14:10 7. Input and Output — Python 3.14.6 documentation\nFile objects have some additional methods, such as isatty() and truncate() which are less frequently"", ""reference, since MyClass.f is a function, but x.i is not, since MyClass.i is not. But x.f is not\nthe same thing as MyClass.f — it is a method object, not a function object.\n9.3.4. Method Objects\nUsually, a method is called right after it is bound:\nx.f()\nIf x = MyClass(), as above, this will return the string 'hello world'. However, it is not necessary to\ncall a method right away: x.f is a method object, and can be stored away and called at a later time. For\nexample:\nxf = x.f\nwhile True:\nprint(xf())\nwill continue to print hello world until the end of time.\nWhat exactly happens when a method is called? You may have noticed that x.f() was called without an"", 'object does not support item assignment\n>>> word[2:] = \'py\'\nTraceback (most recent call last):\nFile ""<stdin>"", line 1, in <module>\nTypeError: \'str\' object does not support item assignment\nIf you need a different string, you should create a new one:\n>>> \'J\' + word[1:]\n\'Jython\'\n>>> word[:2] + \'py\'\n\'Pypy\'\nThe built-in function len() returns the length of a string:\n>>> s = \'supercalifragilisticexpialidocious\'\n>>> len(s)\n34\nSee also:\nText Sequence Type — str\nStrings are examples of sequence types, and support the common operations supported by such\ntypes.\nString Methods\nStrings support a large number of methods for basic transformations and searching.\nf-strings', ""of the examples in this section will assume that a file object called f has already been created.\nTo read a fileʼs contents, call f.read(size), which reads some quantity of data and returns it as a string\n(in text mode) or bytes object (in binary mode). size is an optional numeric argument. When size is omitted\nor negative, the entire contents of the file will be read and returned; itʼs your problem if the file is twice as\nlarge as your machineʼs memory. Otherwise, at most size characters (in text mode) or size bytes (in binary\nmode) are read and returned. If the end of the file has been reached, f.read() will return an empty string\n('').\n>>> f.read()\n'This is the entire file.\\n'"", ""string to the file, returning the number of characters written.\n>>> f.write('This is a test\\n')\n15\nOther types of objects need to be converted – either to a string (in text mode) or a bytes object (in binary\nmode) – before writing them:\n>>> value = ('the answer', 42)\n>>> s = str(value) # convert the tuple to string\n>>> f.write(s)\n18\nf.tell() returns an integer giving the file objectʼs current position in the file represented as number of\nbytes from the beginning of the file when in binary mode and an opaque number when in text mode.\nTo change the file objectʼs position, use f.seek(offset, whence). The position is computed from"", 'In addition to int and float, Python supports other types of numbers, such as Decimal and Fraction.\nPython also has built-in support for complex numbers, and uses the j or J suffix to indicate the imaginary\nhttps://docs.python.org/3/tutorial/introduction.html 2/9\n28/07/2026, 14:07 3. An Informal Introduction to Python — Python 3.14.6 documentation\npart (e.g. 3+5j).\n3.1.2. Text\nPython can manipulate text (represented by type str, so-called “strings”) as well as numbers. This in-\ncludes characters “!”, words “rabbit”, names “Paris”, sentences “Got your back.”, etc. “Yay! :)”.\nThey can be enclosed in single quotes (\'...\') or double quotes (""..."") with the same result [2].', 'Between serializing and deserializing, the string representing the object may have been\nstored in a file or data, or sent over a network connection to some distant machine.\nNote: The JSON format is commonly used by modern applications to allow for data exchange. Many\nprogrammers are already familiar with it, which makes it a good choice for interoperability.\nIf you have an object x, you can view its JSON string representation with a simple line of code:\n>>> import json\n>>> x = [1, \'simple\', \'list\']\n>>> json.dumps(x)\n\'[1, ""simple"", ""list""]\'\nAnother variant of the dumps() function, called dump(), simply serializes the object to a text file. So if f', 'following example has a required argument, an optional argument, and the return\nvalue annotated:\n>>> def f(ham: str, eggs: str = \'eggs\') -> str:\n... print(""Annotations:"", f.__annotations__)\n... print(""Arguments:"", ham, eggs)\n... return ham + \' and \' + eggs\n...\n>>> f(\'spam\')\nAnnotations: {\'ham\': <class \'str\'>, \'return\': <class \'str\'>, \'eggs\': <class \'str\'>}\nArguments: spam eggs\n\'spam and eggs\'\n4.10. Intermezzo: Coding Style\nNow that you are about to write longer, more complex pieces of Python, it is a good time to talk about\ncoding style. Most languages can be written (or more concisely, formatted) in different styles; some are', '% conversion specifications in format are replaced with zero or more elements of values. This\noperation is commonly known as string interpolation. For example:\n>>> import math\n>>> print(\'The value of pi is approximately %5.3f.\' % math.pi)\nThe value of pi is approximately 3.142.\nMore information can be found in the printf-style String Formatting section.\n7.2. Reading and Writing Files\nopen() returns a file object, and is most commonly used with two positional arguments and one keyword\nargument: open(filename, mode, encoding=None)\n>>> f = open(\'workfile\', \'w\', encoding=""utf-8"")\nThe first argument is a string containing the filename. The second argument is another string containing a', 'that youʼve written in several programs with-\nout copying its definition into each program.\nTo support this, Python has a way to put definitions in a file and use them in a script or in an interactive in-\nstance of the interpreter. Such a file is called a module; definitions from a module can be imported into\nother modules or into the main module (the collection of variables that you have access to in a script exe-\ncuted at the top level and in calculator mode).\nA module is a file containing Python definitions and statements. The file name is the module name with the\nsuffix .py appended. Within a module, the moduleʼs name (as a string) is available as the value of the', 'are stored in the __annotations__ attribute of the function as a dictionary and have no ef-\nfect on any other part of the function. Parameter annotations are defined by a colon after the parameter\nhttps://docs.python.org/3/tutorial/controlflow.html#match-statements 16/18\n28/07/2026, 14:09 4. More Control Flow Tools — Python 3.14.6 documentation\nname, followed by an expression evaluating to the value of the annotation. Return annotations are defined\nby a literal ->, followed by an expression, between the parameter list and the colon denoting the end of\nthe def statement. The following example has a required argument, an optional argument, and the return\nvalue annotated:', 'interpreter recognizes the object pointed to by that name as a user-defined function. Other names\ncan also point to that same function object and can also be used to access the function:\n>>> fib\n<function fib at 10042ed0>\n>>> f = fib\n>>> f(100)\n0 1 1 2 3 5 8 13 21 34 55 89\nComing from other languages, you might object that fib is not a function but a procedure since it doesnʼt\nreturn a value. In fact, even functions without a return statement do return a value, albeit a rather boring\none. This value is called None (itʼs a built-in name). Writing the value None is normally suppressed by the\ninterpreter if it would be the only value written. You can see it if you really want to using print():']","An f-string in Python is a type of string literal that allows you to include the value of Python expressions inside a string by prefixing the string with 'f' or 'F' and writing expressions as {expression}. This allows for greater control over how the value is formatted.

For example, the following code rounds pi to three places after the decimal:

```python
import math
print(f'The value of pi is approximately {math.pi:.3f}.')
```

This will output:

```
The value of pi is approximately 3.142.
```

F-strings support an optional format specifier that can be used to control the formatting of the value. The format specifier is written after the expression, and it can be used to specify things like the number of decimal places to round to, or the minimum number of characters to display.

For example, the following code will display the value of pi with a minimum of 5 characters:

```python
import math
print(f'The value of pi is approximately {math.pi:5.3f}.')
```

This will output:

```
The value of pi is approximately  3.142.
```

F-strings are a powerful tool for formatting strings in Python, and they can be used to create a wide range of different types of output.","An f-string is a string literal that allows embedded expressions. By prefixing the string with the letter f, you can include Python expressions inside curly braces {} which are evaluated and inserted into the resulting string.",1.0,0.9898138106449891,0.99999999995,1.0,T1_001,T1
"In Python, what does the % operator do?","['to calculate the remainder you can use %:\nhttps://docs.python.org/3/tutorial/introduction.html 1/9\n28/07/2026, 14:07 3. An Informal Introduction to Python — Python 3.14.6 documentation\n>>> 17 / 3 # classic division returns a float\n5.666666666666667\n>>>\n>>> 17 // 3 # floor division discards the fractional part\n5\n>>> 17 % 3 # the % operator returns the remainder of the division\n2\n>>> 5 * 3 + 2 # floored quotient * divisor + remainder\n17\nWith Python, it is possible to use the ** operator to calculate powers [1]:\n>>> 5 ** 2 # 5 squared\n25\n>>> 2 ** 7 # 2 to the power of 7\n128\nThe equal sign (=) is used to assign a value to a variable. Afterwards, no result is displayed before the next', 'Strings support a large number of methods for basic transformations and searching.\nf-strings\nString literals that have embedded expressions.\nFormat string syntax\nInformation about string formatting with str.format().\nprintf-style String Formatting\nThe old formatting operations invoked when strings are the left operand of the % operator are de-\nscribed in more detail here.\nhttps://docs.python.org/3/tutorial/introduction.html 6/9\n28/07/2026, 14:07 3. An Informal Introduction to Python — Python 3.14.6 documentation\n3.1.3. Lists\nPython knows a number of compound data types, used to group together other values. The most versatile', 'syntax is straightforward: the operators +, -, * and / can be used to perform arithmetic;\nparentheses (()) can be used for grouping. For example:\n>>> 2 + 2\n4\n>>> 50 - 5*6\n20\n>>> (50 - 5*6) / 4\n5.0\n>>> 8 / 5 # division always returns a floating-point number\n1.6\nThe integer numbers (e.g. 2, 4, 20) have type int, the ones with a fractional part (e.g. 5.0, 1.6) have\ntype float. We will see more about numeric types later in the tutorial.\nDivision (/) always returns a float. To do floor division and get an integer result you can use the // opera-\ntor; to calculate the remainder you can use %:\nhttps://docs.python.org/3/tutorial/introduction.html 1/9', 'are to clarify code and are\nnot interpreted by Python, they may be omitted when typing in examples.\nSome examples:\n# this is the first comment\nspam = 1 # and this is the second comment\n# ... and now a third!\ntext = ""# This is not a comment because it\'s inside quotes.""\n3.1. Using Python as a Calculator\nLetʼs try some simple Python commands. Start the interpreter and wait for the primary prompt, >>>. (It\nshouldnʼt take long.)\n3.1.1. Numbers\nThe interpreter acts as a simple calculator: you can type an expression into it and it will write the value.\nExpression syntax is straightforward: the operators +, -, * and / can be used to perform arithmetic;', '% conversion specifications in format are replaced with zero or more elements of values. This\noperation is commonly known as string interpolation. For example:\n>>> import math\n>>> print(\'The value of pi is approximately %5.3f.\' % math.pi)\nThe value of pi is approximately 3.142.\nMore information can be found in the printf-style String Formatting section.\n7.2. Reading and Writing Files\nopen() returns a file object, and is most commonly used with two positional arguments and one keyword\nargument: open(filename, mode, encoding=None)\n>>> f = open(\'workfile\', \'w\', encoding=""utf-8"")\nThe first argument is a string containing the filename. The second argument is another string containing a', 'In addition to int and float, Python supports other types of numbers, such as Decimal and Fraction.\nPython also has built-in support for complex numbers, and uses the j or J suffix to indicate the imaginary\nhttps://docs.python.org/3/tutorial/introduction.html 2/9\n28/07/2026, 14:07 3. An Informal Introduction to Python — Python 3.14.6 documentation\npart (e.g. 3+5j).\n3.1.2. Text\nPython can manipulate text (represented by type str, so-called “strings”) as well as numbers. This in-\ncludes characters “!”, words “rabbit”, names “Paris”, sentences “Got your back.”, etc. “Yay! :)”.\nThey can be enclosed in single quotes (\'...\') or double quotes (""..."") with the same result [2].', 'to Python — Python 3.14.6 documentation\n3\n5\n8\nThis example introduces several new features.\nThe first line contains a multiple assignment: the variables a and b simultaneously get the new values 0\nand 1. On the last line this is used again, demonstrating that the expressions on the right-hand side are\nall evaluated first before any of the assignments take place. The right-hand side expressions are evalu-\nated from the left to the right.\nThe while loop executes as long as the condition (here: a < 10) remains true. In Python, like in C, any\nnon-zero integer value is true; zero is false. The condition may also be a string or list value, in fact any', 'mode, the last printed expression is assigned to the variable _. This means that when you\nare using Python as a desk calculator, it is somewhat easier to continue calculations, for example:\n>>> tax = 12.5 / 100\n>>> price = 100.50\n>>> price * tax\n12.5625\n>>> price + _\n113.0625\n>>> round(_, 2)\n113.06\nThis variable should be treated as read-only by the user. Donʼt explicitly assign a value to it — you would\ncreate an independent local variable with the same name masking the built-in variable with its magic\nbehavior.\nIn addition to int and float, Python supports other types of numbers, such as Decimal and Fraction.', '28/07/2026, 14:09 4. More Control Flow Tools — Python 3.14.6 documentation\n4. More Control Flow Tools\nAs well as the while statement just introduced, Python uses a few more that we will encounter in this\nchapter.\n4.1. Statements\nif\nPerhaps the most well-known statement type is the if statement. For example:\n>>> x = int(input(""Please enter an integer: ""))\nPlease enter an integer: 42\n>>> if x < 0:\n... x = 0\n... print(\'Negative changed to zero\')\n... elif x == 0:\n... print(\'Zero\')\n... elif x == 1:\n... print(\'Single\')\n... else:\n... print(\'More\')\n...\nMore\nThere can be zero or more elif parts, and the else part is optional. The keyword ‘elifʼ is short for ‘else', 'be zero or more elif parts, and the else part is optional. The keyword ‘elifʼ is short for ‘else\nifʼ, and is useful to avoid excessive indentation. An if … elif … elif … sequence is a substitute for the\nswitch or case statements found in other languages.\nIf youʼre comparing the same value to several constants, or checking for specific types or attributes, you\nmay also find the match statement useful. For more details see match Statements.\n4.2. Statements\nfor\nThe for statement in Python differs a bit from what you may be used to in C or Pascal. Rather than always\niterating over an arithmetic progression of numbers (like in Pascal), or giving the user the ability to define', 'the first argument of a method is called self. This is nothing more than a convention: the name\nself has absolutely no special meaning to Python. Note, however, that by not following the convention\nyour code may be less readable to other Python programmers, and it is also conceivable that a class\nbrowser program might be written that relies upon such a convention.\nAny function object that is a class attribute defines a method for instances of that class. It is not neces-\nsary that the function definition is textually enclosed in the class definition: assigning a function object to\na local variable in the class is also ok. For example:\n# Function defined outside the class\ndef f1(self, x, y):', 'that youʼve written in several programs with-\nout copying its definition into each program.\nTo support this, Python has a way to put definitions in a file and use them in a script or in an interactive in-\nstance of the interpreter. Such a file is called a module; definitions from a module can be imported into\nother modules or into the main module (the collection of variables that you have access to in a script exe-\ncuted at the top level and in calculator mode).\nA module is a file containing Python definitions and statements. The file name is the module name with the\nsuffix .py appended. Within a module, the moduleʼs name (as a string) is available as the value of the', '1/8\n28/07/2026, 14:10 7. Input and Output — Python 3.14.6 documentation\nstructures like lists and dictionaries, have the same representation using either function. Strings, in partic-\nular, have two distinct representations.\nSome examples:\n>>> s = \'Hello, world.\'\n>>> str(s)\n\'Hello, world.\'\n>>> repr(s)\n""\'Hello, world.\'""\n>>> str(1/7)\n\'0.14285714285714285\'\n>>> x = 10 * 3.25\n>>> y = 200 * 200\n>>> s = \'The value of x is \' + repr(x) + \', and y is \' + repr(y) + \'...\'\n>>> print(s)\nThe value of x is 32.5, and y is 40000...\n>>> # The repr() of a string adds string quotes and backslashes:\n>>> hello = \'hello, world\\n\'\n>>> hellos = repr(hello)\n>>> print(hellos)\n\'hello, world\\n\'', '... a, b = b, a+b\n... return result\n...\n>>> f100 = fib2(100) # call it\n>>> f100 # write the result\n[0, 1, 1, 2, 3, 5, 8, 13, 21, 34, 55, 89]\nThis example, as usual, demonstrates some new Python features:\nThe return statement returns with a value from a function. return without an expression argument\nreturns None. Falling off the end of a function also returns None.\nThe statement result.append(a) calls a method of the list object result. A method is a function\nthat ‘belongsʼ to an object and is named obj.methodname, where obj is some object (this may be an\nexpression), and methodname is the name of a method that is defined by the objectʼs type. Different', 'are syntactically restricted to a single expression. Semantically, they are just syntactic sugar\nfor a normal function definition. Like nested function definitions, lambda functions can reference variables\nfrom the containing scope:\n>>> def make_incrementor(n):\n... return lambda x: x + n\n...\n>>> f = make_incrementor(42)\n>>> f(0)\nhttps://docs.python.org/3/tutorial/controlflow.html#match-statements 15/18\n28/07/2026, 14:09 4. More Control Flow Tools — Python 3.14.6 documentation\n42\n>>> f(1)\n43\nThe above example uses a lambda expression to return a function. Another use is to pass a small function\nas an argument. For instance, list.sort() takes a sorting key function key which can be a lambda']","In Python, the % operator is used to calculate the remainder of the division of two numbers. It is also known as the modulus operator. This means that when you divide one number by another using the % operator, it returns the remainder of the division, rather than the quotient.

For example, if you divide 17 by 3 using the % operator, the result would be 2, because 3 goes into 17 five times with a remainder of 2.

The % operator can be used in various mathematical operations, such as calculating the remainder of a division, finding the remainder of a number when divided by another number, and so on.

Here's an example from the provided context:

```
>>> 17 % 3 # the % operator returns the remainder of the division
2
```

In this example, the % operator is used to calculate the remainder of the division of 17 by 3, and the result is 2.",The % operator returns the remainder of the division of the left operand by the right operand.,0.7,0.9690360413730673,0.8333333332916666,1.0,T1_002,T1
